year,World,cum_change_in_co2_perc
2000,3.834509441,0.00
2001,3.850026814,0.00
2002,3.852434819,0.00
2003,3.980781414,0.03
2004,4.110121026,0.03
2005,4.209994842,0.02
2006,4.293063786,0.02
2007,4.400356459,0.02
2008,4.380013406,0.00
2009,4.279135234,-0.02
2010,4.484849627,0.05
2011,4.571987939,0.02
2012,4.578805379,0.00
2013,4.615619991,0.01
2014,4.57166502,-0.01
2015,4.490606625,-0.02
2016,4.441768547,-0.01
2017,4.457093214,0.00
2018,4.510144745,0.01
2019,4.46966049,-0.01
